sample_index,accuracy,total_processed,correct_predictions,consistent_examples_count
0,1.0,1,1,1
1,1.0,2,2,2
2,1.0,3,3,3
3,1.0,4,4,4
4,1.0,5,5,5
5,0.8333333333333334,6,5,5
6,0.8571428571428571,7,6,6
7,0.875,8,7,7
8,0.8888888888888888,9,8,8
9,0.9,10,9,9
10,0.9090909090909091,11,10,10
11,0.9166666666666666,12,11,11
12,0.8461538461538461,13,11,11
13,0.8571428571428571,14,12,12
14,0.8666666666666667,15,13,13
15,0.875,16,14,14
16,0.8235294117647058,17,14,14
17,0.8333333333333334,18,15,15
18,0.7894736842105263,19,15,15
19,0.8,20,16,16
20,0.8095238095238095,21,17,17
21,0.8181818181818182,22,18,18
22,0.8260869565217391,23,19,19
23,0.7916666666666666,24,19,19
24,0.8,25,20,20
25,0.8076923076923077,26,21,21
26,0.7777777777777778,27,21,21
27,0.75,28,21,21
28,0.7241379310344828,29,21,21
29,0.7,30,21,21
30,0.7096774193548387,31,22,22
31,0.71875,32,23,23
32,0.7272727272727273,33,24,24
33,0.7352941176470589,34,25,25
34,0.7428571428571429,35,26,26
35,0.75,36,27,27
36,0.7567567567567568,37,28,28
37,0.7631578947368421,38,29,29
38,0.7692307692307693,39,30,30
39,0.775,40,31,31
40,0.7560975609756098,41,31,31
41,0.7619047619047619,42,32,32
42,0.7674418604651163,43,33,33
43,0.7727272727272727,44,34,34
44,0.7555555555555555,45,34,34
45,0.7608695652173914,46,35,35
46,0.7446808510638298,47,35,35
47,0.75,48,36,36
48,0.7551020408163265,49,37,37
49,0.76,50,38,38
50,0.7647058823529411,51,39,39
51,0.7692307692307693,52,40,40
52,0.7735849056603774,53,41,41
53,0.7777777777777778,54,42,42
54,0.7818181818181819,55,43,43
55,0.7857142857142857,56,44,44
56,0.7894736842105263,57,45,45
57,0.7931034482758621,58,46,46
58,0.7966101694915254,59,47,47
59,0.7833333333333333,60,47,47
60,0.7704918032786885,61,47,47
61,0.7741935483870968,62,48,48
62,0.7619047619047619,63,48,48
63,0.75,64,48,48
64,0.7384615384615385,65,48,48
65,0.7424242424242424,66,49,49
66,0.746268656716418,67,50,50
67,0.75,68,51,51
68,0.7536231884057971,69,52,52
69,0.7571428571428571,70,53,53
70,0.7464788732394366,71,53,53
71,0.75,72,54,54
72,0.7534246575342466,73,55,55
73,0.7567567567567568,74,56,56
74,0.7466666666666667,75,56,56
75,0.75,76,57,57
76,0.7402597402597403,77,57,57
77,0.7435897435897436,78,58,58
78,0.7468354430379747,79,59,59
79,0.75,80,60,60
80,0.7407407407407407,81,60,60
81,0.7317073170731707,82,60,60
82,0.7349397590361446,83,61,61
83,0.7380952380952381,84,62,62
84,0.7411764705882353,85,63,63
85,0.7441860465116279,86,64,64
86,0.7471264367816092,87,65,65
87,0.75,88,66,66
88,0.7528089887640449,89,67,67
89,0.7555555555555555,90,68,68
90,0.7582417582417582,91,69,69
91,0.7608695652173914,92,70,70
92,0.7634408602150538,93,71,71
93,0.7659574468085106,94,72,72
94,0.7578947368421053,95,72,72
95,0.75,96,72,72
96,0.7525773195876289,97,73,73
97,0.7551020408163265,98,74,74
98,0.7575757575757576,99,75,75
99,0.76,100,76,76
100,0.7524752475247525,101,76,76
101,0.7549019607843137,102,77,77
102,0.7572815533980582,103,78,78
103,0.7596153846153846,104,79,79
104,0.7523809523809524,105,79,79
105,0.7547169811320755,106,80,80
106,0.7570093457943925,107,81,81
107,0.7592592592592593,108,82,82
108,0.7614678899082569,109,83,83
109,0.7636363636363637,110,84,84
110,0.7657657657657657,111,85,85
111,0.7589285714285714,112,85,85
112,0.7522123893805309,113,85,85
113,0.7543859649122807,114,86,86
114,0.7565217391304347,115,87,87
115,0.7586206896551724,116,88,88
116,0.7521367521367521,117,88,88
117,0.7542372881355932,118,89,89
118,0.7563025210084033,119,90,90
119,0.7583333333333333,120,91,91
120,0.7520661157024794,121,91,91
121,0.7540983606557377,122,92,92
122,0.7479674796747967,123,92,92
123,0.75,124,93,93
124,0.744,125,93,93
125,0.746031746031746,126,94,94
126,0.7480314960629921,127,95,95
127,0.75,128,96,96
128,0.7441860465116279,129,96,96
129,0.7461538461538462,130,97,97
130,0.7480916030534351,131,98,98
131,0.7424242424242424,132,98,98
132,0.7443609022556391,133,99,99
133,0.746268656716418,134,100,100
134,0.7481481481481481,135,101,101
135,0.75,136,102,102
136,0.7518248175182481,137,103,103
137,0.7536231884057971,138,104,104
138,0.7553956834532374,139,105,105
139,0.7571428571428571,140,106,106
140,0.75177304964539,141,106,106
141,0.7535211267605634,142,107,107
142,0.7482517482517482,143,107,107
143,0.7430555555555556,144,107,107
144,0.7448275862068966,145,108,108
145,0.7465753424657534,146,109,109
146,0.7482993197278912,147,110,110
147,0.75,148,111,111
148,0.7516778523489933,149,112,112
149,0.7466666666666667,150,112,112
150,0.7483443708609272,151,113,113
151,0.743421052631579,152,113,113
152,0.7450980392156863,153,114,114
153,0.7402597402597403,154,114,114
154,0.7419354838709677,155,115,115
155,0.7435897435897436,156,116,116
156,0.7388535031847133,157,116,116
157,0.740506329113924,158,117,117
158,0.7421383647798742,159,118,118
159,0.74375,160,119,119
160,0.7453416149068323,161,120,120
161,0.7469135802469136,162,121,121
162,0.7423312883435583,163,121,121
163,0.7439024390243902,164,122,122
164,0.7393939393939394,165,122,122
165,0.7409638554216867,166,123,123
166,0.7425149700598802,167,124,124
167,0.7440476190476191,168,125,125
168,0.7396449704142012,169,125,125
169,0.7411764705882353,170,126,126
170,0.7426900584795322,171,127,127
171,0.7383720930232558,172,127,127
172,0.7398843930635838,173,128,128
173,0.735632183908046,174,128,128
174,0.7314285714285714,175,128,128
175,0.7329545454545454,176,129,129
176,0.7344632768361582,177,130,130
177,0.7359550561797753,178,131,131
178,0.7374301675977654,179,132,132
179,0.7388888888888889,180,133,133
180,0.7348066298342542,181,133,133
181,0.7362637362637363,182,134,134
182,0.73224043715847,183,134,134
183,0.7282608695652174,184,134,134
184,0.7297297297297297,185,135,135
185,0.7311827956989247,186,136,136
186,0.7272727272727273,187,136,136
187,0.7287234042553191,188,137,137
188,0.7301587301587301,189,138,138
189,0.7263157894736842,190,138,138
190,0.7277486910994765,191,139,139
191,0.7291666666666666,192,140,140
192,0.7253886010362695,193,140,140
193,0.7268041237113402,194,141,141
194,0.7230769230769231,195,141,141
195,0.7244897959183674,196,142,142
196,0.7258883248730964,197,143,143
197,0.7222222222222222,198,143,143
198,0.7236180904522613,199,144,144
199,0.72,200,144,144
200,0.7213930348258707,201,145,145
201,0.7227722772277227,202,146,146
202,0.7241379310344828,203,147,147
203,0.7254901960784313,204,148,148
204,0.7268292682926829,205,149,149
205,0.7281553398058253,206,150,150
206,0.7294685990338164,207,151,151
207,0.7307692307692307,208,152,152
208,0.7320574162679426,209,153,153
209,0.7333333333333333,210,154,154
210,0.7298578199052133,211,154,154
211,0.7311320754716981,212,155,155
212,0.7276995305164319,213,155,155
213,0.7289719626168224,214,156,156
214,0.7255813953488373,215,156,156
215,0.7222222222222222,216,156,156
216,0.7235023041474654,217,157,157
217,0.7201834862385321,218,157,157
218,0.7214611872146118,219,158,158
219,0.7227272727272728,220,159,159
220,0.7239819004524887,221,160,160
221,0.7207207207207207,222,160,160
222,0.7219730941704036,223,161,161
223,0.71875,224,161,161
224,0.72,225,162,162
225,0.7212389380530974,226,163,163
226,0.7224669603524229,227,164,164
227,0.7192982456140351,228,164,164
228,0.7205240174672489,229,165,165
229,0.7217391304347827,230,166,166
230,0.7186147186147186,231,166,166
231,0.7155172413793104,232,166,166
232,0.7124463519313304,233,166,166
233,0.7094017094017094,234,166,166
234,0.7106382978723405,235,167,167
235,0.711864406779661,236,168,168
236,0.7130801687763713,237,169,169
237,0.7142857142857143,238,170,170
238,0.7154811715481172,239,171,171
239,0.7125,240,171,171
240,0.7095435684647303,241,171,171
241,0.7107438016528925,242,172,172
242,0.7119341563786008,243,173,173
243,0.7131147540983607,244,174,174
244,0.7142857142857143,245,175,175
245,0.7154471544715447,246,176,176
246,0.7165991902834008,247,177,177
247,0.7137096774193549,248,177,177
248,0.7108433734939759,249,177,177
249,0.712,250,178,178
250,0.7131474103585658,251,179,179
251,0.7142857142857143,252,180,180
252,0.7154150197628458,253,181,181
253,0.7125984251968503,254,181,181
254,0.7098039215686275,255,181,181
255,0.7109375,256,182,182
256,0.708171206225681,257,182,182
257,0.7093023255813954,258,183,183
258,0.7065637065637066,259,183,183
259,0.7038461538461539,260,183,183
260,0.7011494252873564,261,183,183
261,0.7022900763358778,262,184,184
262,0.7034220532319392,263,185,185
263,0.7045454545454546,264,186,186
264,0.7056603773584905,265,187,187
265,0.7030075187969925,266,187,187
266,0.704119850187266,267,188,188
267,0.7052238805970149,268,189,189
268,0.7063197026022305,269,190,190
269,0.7037037037037037,270,190,190
270,0.7047970479704797,271,191,191
271,0.7022058823529411,272,191,191
272,0.7032967032967034,273,192,192
273,0.7007299270072993,274,192,192
274,0.6981818181818182,275,192,192
275,0.6956521739130435,276,192,192
276,0.6967509025270758,277,193,193
277,0.697841726618705,278,194,194
278,0.6989247311827957,279,195,195
279,0.7,280,196,196
280,0.701067615658363,281,197,197
281,0.7021276595744681,282,198,198
282,0.7031802120141343,283,199,199
283,0.7007042253521126,284,199,199
284,0.7017543859649122,285,200,200
285,0.7027972027972028,286,201,201
286,0.7038327526132404,287,202,202
287,0.7048611111111112,288,203,203
288,0.7058823529411765,289,204,204
289,0.7068965517241379,290,205,205
290,0.7079037800687286,291,206,206
291,0.708904109589041,292,207,207
292,0.7098976109215017,293,208,208
293,0.7108843537414966,294,209,209
294,0.711864406779661,295,210,210
295,0.7128378378378378,296,211,211
296,0.7138047138047138,297,212,212
297,0.7114093959731543,298,212,212
298,0.7090301003344481,299,212,212
299,0.7066666666666667,300,212,212
300,0.7043189368770764,301,212,212
301,0.7019867549668874,302,212,212
302,0.6996699669966997,303,212,212
303,0.7006578947368421,304,213,213
304,0.7016393442622951,305,214,214
305,0.6993464052287581,306,214,214
306,0.7003257328990228,307,215,215
307,0.7012987012987013,308,216,216
308,0.6990291262135923,309,216,216
309,0.7,310,217,217
310,0.6977491961414791,311,217,217
311,0.6955128205128205,312,217,217
312,0.6932907348242812,313,217,217
313,0.6942675159235668,314,218,218
314,0.692063492063492,315,218,218
315,0.689873417721519,316,218,218
316,0.6876971608832808,317,218,218
317,0.6886792452830188,318,219,219
318,0.6896551724137931,319,220,220
319,0.690625,320,221,221
320,0.6915887850467289,321,222,222
321,0.6925465838509317,322,223,223
322,0.6934984520123839,323,224,224
323,0.6944444444444444,324,225,225
324,0.6953846153846154,325,226,226
325,0.696319018404908,326,227,227
326,0.6941896024464832,327,227,227
327,0.6951219512195121,328,228,228
328,0.6930091185410334,329,228,228
329,0.693939393939394,330,229,229
330,0.6918429003021148,331,229,229
331,0.6927710843373494,332,230,230
332,0.6936936936936937,333,231,231
333,0.6946107784431138,334,232,232
334,0.6955223880597015,335,233,233
335,0.6964285714285714,336,234,234
336,0.6973293768545994,337,235,235
337,0.6982248520710059,338,236,236
338,0.6991150442477876,339,237,237
339,0.7,340,238,238
340,0.7008797653958945,341,239,239
341,0.6988304093567251,342,239,239
342,0.6997084548104956,343,240,240
343,0.7005813953488372,344,241,241
344,0.6985507246376812,345,241,241
345,0.6965317919075145,346,241,241
346,0.6974063400576369,347,242,242
347,0.6954022988505747,348,242,242
348,0.6934097421203438,349,242,242
349,0.6942857142857143,350,243,243
350,0.6951566951566952,351,244,244
351,0.6931818181818182,352,244,244
352,0.6912181303116147,353,244,244
353,0.692090395480226,354,245,245
354,0.6929577464788732,355,246,246
355,0.6910112359550562,356,246,246
356,0.6918767507002801,357,247,247
357,0.6927374301675978,358,248,248
358,0.6935933147632312,359,249,249
359,0.6944444444444444,360,250,250
360,0.6952908587257618,361,251,251
361,0.6933701657458563,362,251,251
362,0.6942148760330579,363,252,252
363,0.6923076923076923,364,252,252
364,0.6931506849315069,365,253,253
365,0.6939890710382514,366,254,254
366,0.6948228882833788,367,255,255
367,0.6929347826086957,368,255,255
368,0.6910569105691057,369,255,255
369,0.6918918918918919,370,256,256
370,0.692722371967655,371,257,257
371,0.6908602150537635,372,257,257
372,0.6916890080428955,373,258,258
373,0.6898395721925134,374,258,258
374,0.688,375,258,258
375,0.6888297872340425,376,259,259
376,0.6870026525198939,377,259,259
377,0.6878306878306878,378,260,260
378,0.6886543535620053,379,261,261
379,0.6894736842105263,380,262,262
380,0.6902887139107612,381,263,263
381,0.6910994764397905,382,264,264
382,0.6919060052219321,383,265,265
383,0.6927083333333334,384,266,266
384,0.6935064935064935,385,267,267
385,0.694300518134715,386,268,268
386,0.6950904392764858,387,269,269
387,0.6958762886597938,388,270,270
388,0.6966580976863753,389,271,271
389,0.6948717948717948,390,271,271
390,0.6956521739130435,391,272,272
391,0.6964285714285714,392,273,273
392,0.6946564885496184,393,273,273
393,0.6954314720812182,394,274,274
394,0.6962025316455697,395,275,275
395,0.6944444444444444,396,275,275
396,0.6926952141057935,397,275,275
397,0.6934673366834171,398,276,276
398,0.6917293233082706,399,276,276
399,0.69,400,276,276
400,0.6882793017456359,401,276,276
401,0.6890547263681592,402,277,277
402,0.6898263027295285,403,278,278
403,0.6881188118811881,404,278,278
404,0.6888888888888889,405,279,279
405,0.687192118226601,406,279,279
406,0.687960687960688,407,280,280
407,0.6887254901960784,408,281,281
408,0.6894865525672371,409,282,282
409,0.6878048780487804,410,282,282
410,0.6861313868613139,411,282,282
411,0.6868932038834952,412,283,283
412,0.6876513317191283,413,284,284
413,0.6884057971014492,414,285,285
414,0.689156626506024,415,286,286
415,0.6899038461538461,416,287,287
416,0.6882494004796164,417,287,287
417,0.6866028708133971,418,287,287
418,0.684964200477327,419,287,287
419,0.6833333333333333,420,287,287
420,0.684085510688836,421,288,288
421,0.6848341232227488,422,289,289
422,0.6855791962174941,423,290,290
423,0.6863207547169812,424,291,291
424,0.6870588235294117,425,292,292
425,0.6854460093896714,426,292,292
426,0.6861826697892272,427,293,293
427,0.6869158878504673,428,294,294
428,0.6853146853146853,429,294,294
429,0.686046511627907,430,295,295
430,0.6867749419953596,431,296,296
431,0.6875,432,297,297
432,0.6882217090069284,433,298,298
433,0.6866359447004609,434,298,298
434,0.6873563218390805,435,299,299
435,0.6880733944954128,436,300,300
436,0.6887871853546911,437,301,301
437,0.6872146118721462,438,301,301
438,0.6879271070615034,439,302,302
439,0.6863636363636364,440,302,302
440,0.6848072562358276,441,302,302
441,0.6855203619909502,442,303,303
442,0.6839729119638827,443,303,303
443,0.6846846846846847,444,304,304
444,0.6853932584269663,445,305,305
445,0.6860986547085202,446,306,306
446,0.6845637583892618,447,306,306
447,0.6852678571428571,448,307,307
448,0.6859688195991092,449,308,308
449,0.6866666666666666,450,309,309
450,0.6851441241685144,451,309,309
451,0.6858407079646017,452,310,310
452,0.6865342163355408,453,311,311
453,0.6872246696035242,454,312,312
454,0.6879120879120879,455,313,313
455,0.6885964912280702,456,314,314
456,0.687089715536105,457,314,314
457,0.6877729257641921,458,315,315
458,0.6884531590413944,459,316,316
459,0.6869565217391305,460,316,316
460,0.6854663774403471,461,316,316
461,0.683982683982684,462,316,316
462,0.6846652267818575,463,317,317
463,0.6853448275862069,464,318,318
464,0.6838709677419355,465,318,318
465,0.6845493562231759,466,319,319
466,0.6852248394004282,467,320,320
467,0.6858974358974359,468,321,321
468,0.6865671641791045,469,322,322
469,0.6851063829787234,470,322,322
470,0.6857749469214437,471,323,323
471,0.684322033898305,472,323,323
472,0.6849894291754757,473,324,324
473,0.6835443037974683,474,324,324
474,0.6821052631578948,475,324,324
475,0.6827731092436975,476,325,325
476,0.6813417190775681,477,325,325
477,0.6820083682008368,478,326,326
478,0.6805845511482255,479,326,326
479,0.6791666666666667,480,326,326
480,0.6798336798336798,481,327,327
481,0.6784232365145229,482,327,327
482,0.6770186335403726,483,327,327
483,0.6776859504132231,484,328,328
484,0.6783505154639176,485,329,329
485,0.6790123456790124,486,330,330
486,0.6796714579055442,487,331,331
487,0.6782786885245902,488,331,331
488,0.6768916155419223,489,331,331
489,0.6775510204081633,490,332,332
490,0.6782077393075356,491,333,333
491,0.6788617886178862,492,334,334
492,0.6795131845841785,493,335,335
493,0.680161943319838,494,336,336
494,0.6808080808080809,495,337,337
495,0.6814516129032258,496,338,338
496,0.682092555331992,497,339,339
497,0.6827309236947792,498,340,340
498,0.6813627254509018,499,340,340
499,0.68,500,340,340
500,0.6806387225548902,501,341,341
501,0.6812749003984063,502,342,342
502,0.679920477137177,503,342,342
503,0.6785714285714286,504,342,342
504,0.6772277227722773,505,342,342
505,0.6758893280632411,506,342,342
506,0.6765285996055227,507,343,343
507,0.6751968503937008,508,343,343
508,0.6738703339882122,509,343,343
509,0.6745098039215687,510,344,344
510,0.675146771037182,511,345,345
511,0.67578125,512,346,346
512,0.6744639376218323,513,346,346
513,0.6750972762645915,514,347,347
514,0.6757281553398058,515,348,348
515,0.6763565891472868,516,349,349
516,0.6769825918762089,517,350,350
517,0.6756756756756757,518,350,350
518,0.6763005780346821,519,351,351
519,0.675,520,351,351
520,0.6756238003838771,521,352,352
521,0.6762452107279694,522,353,353
522,0.6768642447418738,523,354,354
523,0.6755725190839694,524,354,354
524,0.6761904761904762,525,355,355
525,0.6768060836501901,526,356,356
526,0.6774193548387096,527,357,357
527,0.6761363636363636,528,357,357
528,0.6767485822306238,529,358,358
529,0.6773584905660377,530,359,359
530,0.6779661016949152,531,360,360
531,0.6785714285714286,532,361,361
532,0.6772983114446529,533,361,361
533,0.6779026217228464,534,362,362
534,0.6785046728971963,535,363,363
535,0.6791044776119403,536,364,364
536,0.6797020484171322,537,365,365
537,0.6802973977695167,538,366,366
538,0.6808905380333952,539,367,367
539,0.6814814814814815,540,368,368
540,0.6820702402957486,541,369,369
541,0.6826568265682657,542,370,370
542,0.6813996316758748,543,370,370
543,0.6819852941176471,544,371,371
544,0.6825688073394496,545,372,372
545,0.6831501831501832,546,373,373
546,0.6837294332723949,547,374,374
547,0.6824817518248175,548,374,374
548,0.6830601092896175,549,375,375
549,0.6818181818181818,550,375,375
550,0.6823956442831216,551,376,376
551,0.6811594202898551,552,376,376
552,0.6817359855334539,553,377,377
553,0.6823104693140795,554,378,378
554,0.6828828828828829,555,379,379
555,0.6834532374100719,556,380,380
556,0.6840215439856373,557,381,381
557,0.6845878136200717,558,382,382
558,0.6851520572450805,559,383,383
559,0.6857142857142857,560,384,384
560,0.6844919786096256,561,384,384
561,0.6850533807829181,562,385,385
562,0.6856127886323268,563,386,386
563,0.6843971631205674,564,386,386
564,0.6849557522123894,565,387,387
565,0.6855123674911661,566,388,388
566,0.6860670194003528,567,389,389
567,0.6848591549295775,568,389,389
568,0.6854130052724078,569,390,390
569,0.6859649122807018,570,391,391
570,0.6865148861646234,571,392,392
571,0.6870629370629371,572,393,393
572,0.68760907504363,573,394,394
573,0.6881533101045296,574,395,395
574,0.688695652173913,575,396,396
575,0.6875,576,396,396
576,0.6880415944540728,577,397,397
577,0.6868512110726643,578,397,397
578,0.687392055267703,579,398,398
579,0.6862068965517242,580,398,398
580,0.685025817555938,581,398,398
581,0.6855670103092784,582,399,399
582,0.6843910806174958,583,399,399
583,0.684931506849315,584,400,400
584,0.6854700854700855,585,401,401
585,0.6860068259385665,586,402,402
586,0.686541737649063,587,403,403
587,0.6870748299319728,588,404,404
588,0.6859083191850595,589,404,404
589,0.6847457627118644,590,404,404
590,0.6852791878172588,591,405,405
591,0.6841216216216216,592,405,405
592,0.684654300168634,593,406,406
593,0.6851851851851852,594,407,407
594,0.6840336134453782,595,407,407
595,0.6845637583892618,596,408,408
596,0.6850921273031826,597,409,409
597,0.68561872909699,598,410,410
598,0.6861435726210351,599,411,411
599,0.6866666666666666,600,412,412
600,0.6871880199667221,601,413,413
601,0.686046511627907,602,413,413
602,0.6849087893864013,603,413,413
603,0.6837748344370861,604,413,413
604,0.6826446280991736,605,413,413
605,0.6831683168316832,606,414,414
606,0.6820428336079077,607,414,414
607,0.680921052631579,608,414,414
608,0.6798029556650246,609,414,414
609,0.680327868852459,610,415,415
610,0.6808510638297872,611,416,416
611,0.6797385620915033,612,416,416
612,0.6786296900489397,613,416,416
613,0.6791530944625407,614,417,417
614,0.6780487804878049,615,417,417
615,0.6785714285714286,616,418,418
616,0.6790923824959482,617,419,419
617,0.6779935275080906,618,419,419
618,0.6768982229402262,619,419,419
619,0.6774193548387096,620,420,420
620,0.677938808373591,621,421,421
621,0.6768488745980707,622,421,421
622,0.6757624398073836,623,421,421
623,0.6746794871794872,624,421,421
624,0.6736,625,421,421
625,0.6741214057507987,626,422,422
626,0.6746411483253588,627,423,423
627,0.6751592356687898,628,424,424
628,0.6740858505564388,629,424,424
629,0.6746031746031746,630,425,425
630,0.6751188589540412,631,426,426
631,0.6740506329113924,632,426,426
632,0.6729857819905213,633,426,426
633,0.6735015772870663,634,427,427
634,0.6724409448818898,635,427,427
635,0.6729559748427673,636,428,428
636,0.673469387755102,637,429,429
637,0.6724137931034483,638,429,429
638,0.672926447574335,639,430,430
639,0.6734375,640,431,431
640,0.6739469578783152,641,432,432
641,0.6744548286604362,642,433,433
642,0.6749611197511665,643,434,434
643,0.6739130434782609,644,434,434
644,0.6744186046511628,645,435,435
645,0.673374613003096,646,435,435
646,0.6738794435857806,647,436,436
647,0.6743827160493827,648,437,437
648,0.674884437596302,649,438,438
649,0.6753846153846154,650,439,439
650,0.674347158218126,651,439,439
651,0.6748466257668712,652,440,440
652,0.6753445635528331,653,441,441
653,0.6758409785932722,654,442,442
654,0.6763358778625954,655,443,443
655,0.676829268292683,656,444,444
656,0.6773211567732116,657,445,445
657,0.6778115501519757,658,446,446
658,0.6783004552352049,659,447,447
659,0.6787878787878788,660,448,448
660,0.6792738275340393,661,449,449
661,0.6797583081570997,662,450,450
662,0.6802413273001509,663,451,451
663,0.6792168674698795,664,451,451
664,0.6781954887218045,665,451,451
665,0.6786786786786787,666,452,452
666,0.679160419790105,667,453,453
667,0.6796407185628742,668,454,454
668,0.680119581464873,669,455,455
669,0.6805970149253732,670,456,456
670,0.6795827123695977,671,456,456
671,0.6800595238095238,672,457,457
672,0.6805349182763745,673,458,458
673,0.6810089020771514,674,459,459
674,0.6814814814814815,675,460,460
675,0.6819526627218935,676,461,461
676,0.6824224519940916,677,462,462
677,0.6828908554572272,678,463,463
678,0.6833578792341679,679,464,464
679,0.6838235294117647,680,465,465
680,0.6828193832599119,681,465,465
681,0.6832844574780058,682,466,466
682,0.6837481698389458,683,467,467
683,0.6842105263157895,684,468,468
684,0.6832116788321168,685,468,468
685,0.6822157434402333,686,468,468
686,0.6826783114992722,687,469,469
687,0.6816860465116279,688,469,469
688,0.6821480406386067,689,470,470
689,0.6811594202898551,690,470,470
690,0.6816208393632417,691,471,471
691,0.680635838150289,692,471,471
692,0.6810966810966811,693,472,472
693,0.6815561959654178,694,473,473
694,0.6820143884892086,695,474,474
695,0.6824712643678161,696,475,475
696,0.6829268292682927,697,476,476
697,0.6819484240687679,698,476,476
698,0.6824034334763949,699,477,477
699,0.6828571428571428,700,478,478
700,0.68188302425107,701,478,478
701,0.6823361823361823,702,479,479
702,0.6813655761024182,703,479,479
703,0.6803977272727273,704,479,479
704,0.6794326241134752,705,479,479
705,0.6798866855524079,706,480,480
706,0.6803394625176803,707,481,481
707,0.6807909604519774,708,482,482
708,0.6812411847672779,709,483,483
709,0.6816901408450704,710,484,484
710,0.680731364275668,711,484,484
711,0.6811797752808989,712,485,485
712,0.6816269284712483,713,486,486
713,0.6820728291316527,714,487,487
714,0.6825174825174826,715,488,488
715,0.6829608938547486,716,489,489
716,0.6820083682008368,717,489,489
717,0.6824512534818942,718,490,490
718,0.6828929068150209,719,491,491
719,0.6833333333333333,720,492,492
720,0.6823855755894591,721,492,492
721,0.6814404432132964,722,492,492
722,0.6804979253112033,723,492,492
723,0.680939226519337,724,493,493
724,0.68,725,493,493
725,0.6804407713498623,726,494,494
726,0.6795048143053645,727,494,494
727,0.679945054945055,728,495,495
728,0.6803840877914952,729,496,496
729,0.6808219178082192,730,497,497
730,0.6812585499316005,731,498,498
731,0.6816939890710383,732,499,499
732,0.6807639836289222,733,499,499
733,0.6798365122615804,734,499,499
734,0.6789115646258503,735,499,499
735,0.6793478260869565,736,500,500
736,0.6784260515603799,737,500,500
737,0.6775067750677507,738,500,500
738,0.6765899864682002,739,500,500
739,0.677027027027027,740,501,501
740,0.6774628879892037,741,502,502
741,0.6778975741239892,742,503,503
742,0.6783310901749664,743,504,504
743,0.6774193548387096,744,504,504
744,0.6778523489932886,745,505,505
745,0.67828418230563,746,506,506
746,0.678714859437751,747,507,507
747,0.6778074866310161,748,507,507
748,0.678237650200267,749,508,508
749,0.6773333333333333,750,508,508
750,0.677762982689747,751,509,509
751,0.6781914893617021,752,510,510
752,0.6772908366533864,753,510,510
753,0.6777188328912467,754,511,511
754,0.6781456953642384,755,512,512
755,0.6772486772486772,756,512,512
756,0.6763540290620872,757,512,512
757,0.6767810026385225,758,513,513
758,0.6772068511198946,759,514,514
759,0.6776315789473685,760,515,515
760,0.6767411300919842,761,515,515
761,0.6771653543307087,762,516,516
762,0.6762778505897772,763,516,516
763,0.6767015706806283,764,517,517
764,0.677124183006536,765,518,518
765,0.6775456919060052,766,519,519
766,0.6766623207301173,767,519,519
767,0.6770833333333334,768,520,520
768,0.6762028608582574,769,520,520
769,0.6753246753246753,770,520,520
770,0.6757457846952011,771,521,521
771,0.6761658031088082,772,522,522
772,0.6752910737386805,773,522,522
773,0.6757105943152455,774,523,523
774,0.6761290322580645,775,524,524
775,0.6765463917525774,776,525,525
776,0.676962676962677,777,526,526
777,0.6773778920308483,778,527,527
778,0.6777920410783055,779,528,528
779,0.6782051282051282,780,529,529
780,0.678617157490397,781,530,530
781,0.6790281329923273,782,531,531
782,0.6794380587484036,783,532,532
783,0.6798469387755102,784,533,533
784,0.6802547770700637,785,534,534
785,0.6806615776081425,786,535,535
786,0.6810673443456162,787,536,536
787,0.6814720812182741,788,537,537
788,0.6818757921419518,789,538,538
789,0.6810126582278481,790,538,538
790,0.6814159292035398,791,539,539
791,0.6818181818181818,792,540,540
792,0.6809583858764187,793,540,540
793,0.681360201511335,794,541,541
794,0.680503144654088,795,541,541
795,0.6796482412060302,796,541,541
796,0.6787954830614805,797,541,541
797,0.6791979949874687,798,542,542
798,0.6795994993742178,799,543,543
799,0.68,800,544,544
800,0.6791510611735331,801,544,544
801,0.6783042394014963,802,544,544
802,0.6787048567870486,803,545,545
803,0.6791044776119403,804,546,546
804,0.6782608695652174,805,546,546
805,0.6774193548387096,806,546,546
806,0.677819083023544,807,547,547
807,0.6782178217821783,808,548,548
808,0.6786155747836835,809,549,549
809,0.6777777777777778,810,549,549
810,0.6781750924784217,811,550,550
811,0.6785714285714286,812,551,551
812,0.6789667896678967,813,552,552
813,0.6793611793611793,814,553,553
814,0.6797546012269938,815,554,554
815,0.6801470588235294,816,555,555
816,0.6805385556915544,817,556,556
817,0.6809290953545232,818,557,557
818,0.6800976800976801,819,557,557
819,0.6804878048780488,820,558,558
820,0.6808769792935444,821,559,559
821,0.6800486618004866,822,559,559
822,0.6792223572296476,823,559,559
823,0.6783980582524272,824,559,559
824,0.6787878787878788,825,560,560
825,0.6791767554479419,826,561,561
826,0.6783555018137848,827,561,561
827,0.678743961352657,828,562,562
828,0.6791314837153196,829,563,563
829,0.6783132530120481,830,563,563
830,0.6787003610108303,831,564,564
831,0.6790865384615384,832,565,565
832,0.6782713085234093,833,565,565
833,0.6774580335731415,834,565,565
834,0.6778443113772455,835,566,566
835,0.6782296650717703,836,567,567
836,0.6786140979689367,837,568,568
837,0.6789976133651552,838,569,569
838,0.6793802145411204,839,570,570
839,0.6797619047619048,840,571,571
840,0.6801426872770512,841,572,572
841,0.6805225653206651,842,573,573
842,0.6809015421115066,843,574,574
843,0.6812796208530806,844,575,575
844,0.6816568047337278,845,576,576
845,0.682033096926714,846,577,577
846,0.6824085005903188,847,578,578
847,0.6827830188679245,848,579,579
848,0.6819787985865724,849,579,579
849,0.6823529411764706,850,580,580
850,0.6827262044653349,851,581,581
851,0.6830985915492958,852,582,582
852,0.6834701055099648,853,583,583
853,0.6826697892271663,854,583,583
854,0.6818713450292397,855,583,583
855,0.6822429906542056,856,584,584
856,0.6826137689614936,857,585,585
857,0.682983682983683,858,586,586
858,0.6833527357392316,859,587,587
859,0.6837209302325581,860,588,588
860,0.6840882694541232,861,589,589
861,0.6832946635730859,862,589,589
862,0.6825028968713789,863,589,589
863,0.6817129629629629,864,589,589
864,0.6820809248554913,865,590,590
865,0.6824480369515011,866,591,591
866,0.6828143021914648,867,592,592
867,0.6831797235023042,868,593,593
868,0.6835443037974683,869,594,594
869,0.6827586206896552,870,594,594
870,0.6831228473019518,871,595,595
871,0.6834862385321101,872,596,596
872,0.6838487972508591,873,597,597
873,0.6842105263157895,874,598,598
874,0.6845714285714286,875,599,599
875,0.6837899543378996,876,599,599
876,0.6841505131128849,877,600,600
877,0.683371298405467,878,600,600
878,0.6837315130830489,879,601,601
879,0.6840909090909091,880,602,602
880,0.684449489216799,881,603,603
881,0.6848072562358276,882,604,604
882,0.6851642129105323,883,605,605
883,0.6855203619909502,884,606,606
884,0.6847457627118644,885,606,606
885,0.6851015801354402,886,607,607
886,0.685456595264938,887,608,608
887,0.6858108108108109,888,609,609
888,0.6861642294713161,889,610,610
889,0.6865168539325842,890,611,611
890,0.6868686868686869,891,612,612
891,0.6872197309417041,892,613,613
892,0.6864501679731243,893,613,613
893,0.6868008948545862,894,614,614
894,0.6860335195530727,895,614,614
895,0.6852678571428571,896,614,614
896,0.68561872909699,897,615,615
897,0.6848552338530067,898,615,615
898,0.6852057842046718,899,616,616
899,0.6855555555555556,900,617,617
900,0.6859045504994451,901,618,618
901,0.6862527716186253,902,619,619
902,0.6854928017718716,903,619,619
903,0.6858407079646017,904,620,620
904,0.6861878453038674,905,621,621
905,0.6865342163355408,906,622,622
906,0.6868798235942668,907,623,623
907,0.6872246696035242,908,624,624
908,0.6875687568756875,909,625,625
909,0.6879120879120879,910,626,626
910,0.6882546652030735,911,627,627
911,0.6875,912,627,627
912,0.687842278203724,913,628,628
913,0.688183807439825,914,629,629
914,0.6885245901639344,915,630,630
915,0.6888646288209607,916,631,631
916,0.6892039258451472,917,632,632
917,0.6895424836601307,918,633,633
918,0.6898803046789989,919,634,634
919,0.6902173913043478,920,635,635
920,0.6905537459283387,921,636,636
921,0.6908893709327549,922,637,637
922,0.6912242686890574,923,638,638
923,0.6915584415584416,924,639,639
924,0.6918918918918919,925,640,640
925,0.6922246220302376,926,641,641
926,0.6925566343042071,927,642,642
927,0.6928879310344828,928,643,643
928,0.6932185145317545,929,644,644
929,0.6935483870967742,930,645,645
930,0.6938775510204082,931,646,646
931,0.694206008583691,932,647,647
932,0.6945337620578779,933,648,648
933,0.6948608137044968,934,649,649
934,0.6951871657754011,935,650,650
935,0.6955128205128205,936,651,651
936,0.695837780149413,937,652,652
937,0.6950959488272921,938,652,652
938,0.6954206602768903,939,653,653
939,0.6957446808510638,940,654,654
940,0.696068012752391,941,655,655
941,0.6963906581740976,942,656,656
942,0.6956521739130435,943,656,656
943,0.6959745762711864,944,657,657
944,0.6962962962962963,945,658,658
945,0.6966173361522199,946,659,659
946,0.6958817317845829,947,659,659
947,0.6962025316455697,948,660,660
948,0.6965226554267651,949,661,661
949,0.6968421052631579,950,662,662
950,0.6971608832807571,951,663,663
951,0.6964285714285714,952,663,663
952,0.6967471143756558,953,664,664
953,0.6960167714884696,954,664,664
954,0.6952879581151833,955,664,664
955,0.6956066945606695,956,665,665
956,0.6959247648902821,957,666,666
957,0.6962421711899791,958,667,667
958,0.6965589155370178,959,668,668
959,0.696875,960,669,669
960,0.6971904266389178,961,670,670
961,0.6975051975051975,962,671,671
962,0.6978193146417445,963,672,672
963,0.6981327800829875,964,673,673
964,0.6984455958549223,965,674,674
965,0.6987577639751553,966,675,675
966,0.6990692864529473,967,676,676
967,0.6983471074380165,968,676,676
968,0.6976264189886481,969,676,676
969,0.6979381443298969,970,677,677
970,0.698249227600412,971,678,678
971,0.698559670781893,972,679,679
972,0.6988694758478932,973,680,680
973,0.6991786447638604,974,681,681
974,0.6984615384615385,975,681,681
975,0.6987704918032787,976,682,682
976,0.6990788126919141,977,683,683
977,0.6993865030674846,978,684,684
978,0.6996935648621042,979,685,685
979,0.6989795918367347,980,685,685
980,0.6992864424057085,981,686,686
981,0.6985743380855397,982,686,686
982,0.698880976602238,983,687,687
983,0.6991869918699187,984,688,688
984,0.698477157360406,985,688,688
985,0.6987829614604463,986,689,689
986,0.6980749746707193,987,689,689
987,0.6983805668016194,988,690,690
988,0.698685540950455,989,691,691
989,0.6989898989898989,990,692,692
990,0.6992936427850656,991,693,693
991,0.6995967741935484,992,694,694
992,0.6998992950654582,993,695,695
993,0.7002012072434608,994,696,696
994,0.700502512562814,995,697,697
995,0.6997991967871486,996,697,697
996,0.7001003009027081,997,698,698
997,0.7004008016032064,998,699,699
998,0.7007007007007007,999,700,700
999,0.701,1000,701,701
1000,0.7012987012987013,1001,702,702
1001,0.7015968063872255,1002,703,703
1002,0.7018943170488534,1003,704,704
1003,0.701195219123506,1004,704,704
1004,0.7014925373134329,1005,705,705
1005,0.7007952286282306,1006,705,705
1006,0.7000993048659384,1007,705,705
1007,0.7003968253968254,1008,706,706
1008,0.7006937561942518,1009,707,707
1009,0.700990099009901,1010,708,708
1010,0.7002967359050445,1011,708,708
1011,0.700592885375494,1012,709,709
1012,0.6999012833168805,1013,709,709
1013,0.7001972386587771,1014,710,710
1014,0.7004926108374384,1015,711,711
1015,0.7007874015748031,1016,712,712
1016,0.7010816125860374,1017,713,713
1017,0.7013752455795678,1018,714,714
1018,0.7006869479882237,1019,714,714
1019,0.7009803921568627,1020,715,715
1020,0.7002938295788442,1021,715,715
1021,0.700587084148728,1022,716,716
1022,0.7008797653958945,1023,717,717
1023,0.7001953125,1024,717,717
1024,0.7004878048780487,1025,718,718
1025,0.7007797270955166,1026,719,719
1026,0.7000973709834469,1027,719,719
1027,0.7003891050583657,1028,720,720
1028,0.7006802721088435,1029,721,721
1029,0.7,1030,721,721
1030,0.7002909796314258,1031,722,722
1031,0.6996124031007752,1032,722,722
1032,0.6989351403678606,1033,722,722
1033,0.6992263056092843,1034,723,723
1034,0.6985507246376812,1035,723,723
1035,0.6988416988416989,1036,724,724
1036,0.6981677917068466,1037,724,724
1037,0.6984585741811176,1038,725,725
1038,0.6987487969201155,1039,726,726
1039,0.6990384615384615,1040,727,727
1040,0.6993275696445725,1041,728,728
1041,0.699616122840691,1042,729,729
1042,0.6999041227229147,1043,730,730
1043,0.7001915708812261,1044,731,731
1044,0.6995215311004784,1045,731,731
1045,0.6998087954110899,1046,732,732
1046,0.7000955109837631,1047,733,733
1047,0.6994274809160306,1048,733,733
1048,0.6997140133460439,1049,734,734
1049,0.699047619047619,1050,734,734
1050,0.698382492863939,1051,734,734
1051,0.6977186311787072,1052,734,734
1052,0.698005698005698,1053,735,735
1053,0.6973434535104365,1054,735,735
1054,0.6976303317535545,1055,736,736
1055,0.696969696969697,1056,736,736
1056,0.6972563859981078,1057,737,737
1057,0.6975425330812854,1058,738,738
1058,0.6978281397544853,1059,739,739
1059,0.6971698113207547,1060,739,739
1060,0.6965127238454288,1061,739,739
1061,0.6958568738229756,1062,739,739
1062,0.6952022577610536,1063,739,739
1063,0.6954887218045113,1064,740,740
1064,0.6957746478873239,1065,741,741
1065,0.6960600375234521,1066,742,742
1066,0.6954076850984068,1067,742,742
1067,0.6947565543071161,1068,742,742
1068,0.6950420954162769,1069,743,743
1069,0.6953271028037383,1070,744,744
1070,0.6946778711484594,1071,744,744
1071,0.6949626865671642,1072,745,745
1072,0.6952469711090401,1073,746,746
1073,0.6945996275605214,1074,746,746
1074,0.6948837209302325,1075,747,747
1075,0.6951672862453532,1076,748,748
1076,0.6954503249767874,1077,749,749
1077,0.6948051948051948,1078,749,749
1078,0.6950880444856349,1079,750,750
1079,0.6953703703703704,1080,751,751
1080,0.6956521739130435,1081,752,752
1081,0.6959334565619224,1082,753,753
1082,0.6962142197599261,1083,754,754
1083,0.6955719557195572,1084,754,754
1084,0.695852534562212,1085,755,755
1085,0.6961325966850829,1086,756,756
1086,0.6954921803127875,1087,756,756
1087,0.6948529411764706,1088,756,756
1088,0.6951331496786042,1089,757,757
1089,0.6944954128440367,1090,757,757
1090,0.693858845096242,1091,757,757
1091,0.6941391941391941,1092,758,758
1092,0.6935041171088746,1093,758,758
1093,0.6928702010968921,1094,758,758
1094,0.6931506849315069,1095,759,759
1095,0.6934306569343066,1096,760,760
1096,0.6937101185050136,1097,761,761
1097,0.6930783242258652,1098,761,761
1098,0.6924476797088263,1099,761,761
1099,0.6918181818181818,1100,761,761
1100,0.6911898274296094,1101,761,761
1101,0.691470054446461,1102,762,762
1102,0.6917497733454215,1103,763,763
1103,0.6920289855072463,1104,764,764
1104,0.6923076923076923,1105,765,765
1105,0.6925858951175407,1106,766,766
1106,0.6928635953026197,1107,767,767
1107,0.6922382671480144,1108,767,767
1108,0.6925157799819658,1109,768,768
1109,0.6918918918918919,1110,768,768
1110,0.6921692169216922,1111,769,769
1111,0.6915467625899281,1112,769,769
1112,0.6918238993710691,1113,770,770
1113,0.6921005385996409,1114,771,771
1114,0.6923766816143497,1115,772,772
1115,0.692652329749104,1116,773,773
1116,0.6920322291853178,1117,773,773
1117,0.6923076923076923,1118,774,774
1118,0.6925826630920465,1119,775,775
1119,0.6928571428571428,1120,776,776
1120,0.6931311329170383,1121,777,777
1121,0.6934046345811051,1122,778,778
1122,0.6936776491540516,1123,779,779
1123,0.693950177935943,1124,780,780
1124,0.6942222222222222,1125,781,781
1125,0.69449378330373,1126,782,782
1126,0.6947648624667259,1127,783,783
1127,0.6950354609929078,1128,784,784
1128,0.6953055801594331,1129,785,785
1129,0.695575221238938,1130,786,786
1130,0.695844385499558,1131,787,787
1131,0.696113074204947,1132,788,788
1132,0.6954986760812003,1133,788,788
1133,0.6957671957671958,1134,789,789
1134,0.6960352422907489,1135,790,790
1135,0.6954225352112676,1136,790,790
1136,0.6948109058927001,1137,790,790
1137,0.695079086115993,1138,791,791
1138,0.6953467954345918,1139,792,792
1139,0.6956140350877194,1140,793,793
1140,0.6958808063102542,1141,794,794
1141,0.6961471103327496,1142,795,795
1142,0.6955380577427821,1143,795,795
1143,0.6958041958041958,1144,796,796
1144,0.6960698689956332,1145,797,797
1145,0.6954624781849913,1146,797,797
1146,0.6948561464690497,1147,797,797
1147,0.6942508710801394,1148,797,797
1148,0.6945169712793734,1149,798,798
1149,0.6947826086956522,1150,799,799
1150,0.6950477845351868,1151,800,800
1151,0.6953125,1152,801,801
1152,0.6955767562879445,1153,802,802
1153,0.6949740034662045,1154,802,802
1154,0.6952380952380952,1155,803,803
1155,0.6955017301038062,1156,804,804
1156,0.6949006050129646,1157,804,804
1157,0.6951640759930915,1158,805,805
1158,0.6954270923209663,1159,806,806
1159,0.6956896551724138,1160,807,807
1160,0.6959517657192076,1161,808,808
1161,0.6962134251290878,1162,809,809
1162,0.6964746345657782,1163,810,810
1163,0.6967353951890034,1164,811,811
1164,0.6969957081545064,1165,812,812
1165,0.6972555746140652,1166,813,813
1166,0.6966580976863753,1167,813,813
1167,0.696917808219178,1168,814,814
1168,0.6963216424294268,1169,814,814
1169,0.6957264957264957,1170,814,814
1170,0.695132365499573,1171,814,814
1171,0.6945392491467577,1172,814,814
1172,0.6947996589940324,1173,815,815
1173,0.6950596252129472,1174,816,816
1174,0.694468085106383,1175,816,816
1175,0.6947278911564626,1176,817,817
1176,0.6949872557349193,1177,818,818
1177,0.6952461799660441,1178,819,819
1178,0.6955046649703138,1179,820,820
1179,0.6957627118644067,1180,821,821
1180,0.6951735817104149,1181,821,821
1181,0.694585448392555,1182,821,821
1182,0.694843617920541,1183,822,822
1183,0.6951013513513513,1184,823,823
1184,0.6945147679324895,1185,823,823
1185,0.6947723440134908,1186,824,824
1186,0.6950294860994103,1187,825,825
1187,0.6952861952861953,1188,826,826
1188,0.6947014297729184,1189,826,826
1189,0.6949579831932773,1190,827,827
1190,0.6943744752308985,1191,827,827
1191,0.6946308724832215,1192,828,828
1192,0.6948868398994132,1193,829,829
1193,0.695142378559464,1194,830,830
1194,0.694560669456067,1195,830,830
1195,0.6948160535117057,1196,831,831
1196,0.6950710108604845,1197,832,832
1197,0.6953255425709516,1198,833,833
1198,0.69557964970809,1199,834,834
1199,0.6958333333333333,1200,835,835
1200,0.6952539550374688,1201,835,835
1201,0.6955074875207987,1202,836,836
1202,0.6957605985037406,1203,837,837
1203,0.6960132890365448,1204,838,838
1204,0.6954356846473029,1205,838,838
1205,0.6956882255389718,1206,839,839
1206,0.6951118475559238,1207,839,839
1207,0.695364238410596,1208,840,840
1208,0.695616211745244,1209,841,841
1209,0.6958677685950413,1210,842,842
1210,0.6961189099917423,1211,843,843
1211,0.6963696369636964,1212,844,844
1212,0.6966199505358615,1213,845,845
1213,0.6968698517298187,1214,846,846
1214,0.697119341563786,1215,847,847
1215,0.6973684210526315,1216,848,848
1216,0.6967953985209532,1217,848,848
1217,0.6970443349753694,1218,849,849
1218,0.6964725184577523,1219,849,849
1219,0.6967213114754098,1220,850,850
1220,0.6961506961506961,1221,850,850
1221,0.6963993453355155,1222,851,851
1222,0.6966475878986099,1223,852,852
1223,0.6968954248366013,1224,853,853
1224,0.6963265306122449,1225,853,853
1225,0.6957585644371941,1226,853,853
1226,0.6960065199674002,1227,854,854
1227,0.6962540716612378,1228,855,855
1228,0.6956875508543532,1229,855,855
1229,0.6959349593495935,1230,856,856
1230,0.6953696181965882,1231,856,856
1231,0.6956168831168831,1232,857,857
1232,0.6958637469586375,1233,858,858
1233,0.6952998379254457,1234,858,858
1234,0.6955465587044535,1235,859,859
1235,0.6957928802588996,1236,860,860
1236,0.6960388035569928,1237,861,861
1237,0.6962843295638126,1238,862,862
1238,0.6965294592413237,1239,863,863
1239,0.6967741935483871,1240,864,864
1240,0.6970185334407736,1241,865,865
1241,0.6972624798711755,1242,866,866
1242,0.6967015285599356,1243,866,866
1243,0.6961414790996785,1244,866,866
1244,0.6963855421686747,1245,867,867
1245,0.6966292134831461,1246,868,868
1246,0.6968724939855654,1247,869,869
1247,0.6971153846153846,1248,870,870
1248,0.6973578863090473,1249,871,871
1249,0.6976,1250,872,872
1250,0.697841726618705,1251,873,873
1251,0.6980830670926518,1252,874,874
1252,0.6975259377494014,1253,874,874
1253,0.6977671451355661,1254,875,875
1254,0.6972111553784861,1255,875,875
1255,0.696656050955414,1256,875,875
1256,0.6961018297533811,1257,875,875
1257,0.6963434022257552,1258,876,876
1258,0.6965845909451946,1259,877,877
1259,0.6968253968253968,1260,878,878
1260,0.6962727993655828,1261,878,878
1261,0.696513470681458,1262,879,879
1262,0.6967537608867775,1263,880,880
1263,0.6962025316455697,1264,880,880
1264,0.6964426877470355,1265,881,881
1265,0.6966824644549763,1266,882,882
1266,0.696921862667719,1267,883,883
1267,0.6971608832807571,1268,884,884
1268,0.6973995271867612,1269,885,885
1269,0.6968503937007874,1270,885,885
1270,0.6970889063729347,1271,886,886
1271,0.6973270440251572,1272,887,887
1272,0.6967792615868028,1273,887,887
1273,0.6970172684458399,1274,888,888
1274,0.6972549019607843,1275,889,889
1275,0.6974921630094044,1276,890,890
1276,0.6977290524667189,1277,891,891
1277,0.6979655712050078,1278,892,892
1278,0.6974198592650508,1279,892,892
1279,0.696875,1280,892,892
1280,0.6963309914129586,1281,892,892
1281,0.6965678627145085,1282,893,893
1282,0.6968043647700701,1283,894,894
1283,0.6970404984423676,1284,895,895
1284,0.6972762645914397,1285,896,896
1285,0.69751166407465,1286,897,897
1286,0.696969696969697,1287,897,897
1287,0.6972049689440993,1288,898,898
1288,0.6974398758727696,1289,899,899
1289,0.6968992248062016,1290,899,899
1290,0.69713400464756,1291,900,900
1291,0.6973684210526315,1292,901,901
1292,0.6976024748646559,1293,902,902
1293,0.6978361669242659,1294,903,903
1294,0.698069498069498,1295,904,904
1295,0.6975308641975309,1296,904,904
1296,0.6969930609097919,1297,904,904
1297,0.6964560862865947,1298,904,904
1298,0.6966897613548884,1299,905,905
1299,0.696923076923077,1300,906,906
1300,0.6971560338201384,1301,907,907
1301,0.6966205837173579,1302,907,907
1302,0.6968534151957022,1303,908,908
1303,0.696319018404908,1304,908,908
1304,0.696551724137931,1305,909,909
1305,0.6960183767228177,1306,909,909
1306,0.6954858454475898,1307,909,909
1307,0.694954128440367,1308,909,909
1308,0.6951871657754011,1309,910,910
1309,0.6946564885496184,1310,910,910
1310,0.6941266209000763,1311,910,910
1311,0.6935975609756098,1312,910,910
1312,0.693069306930693,1313,910,910
1313,0.6925418569254186,1314,910,910
1314,0.6920152091254753,1315,910,910
1315,0.6922492401215805,1316,911,911
1316,0.6924829157175398,1317,912,912
1317,0.6919575113808801,1318,912,912
1318,0.6914329037149356,1319,912,912
1319,0.6916666666666667,1320,913,913
1320,0.6911430734292203,1321,913,913
1321,0.6913767019667171,1322,914,914
1322,0.691609977324263,1323,915,915
1323,0.6918429003021148,1324,916,916
1324,0.6920754716981132,1325,917,917
1325,0.6923076923076923,1326,918,918
1326,0.6925395629238885,1327,919,919
1327,0.6927710843373494,1328,920,920
1328,0.6930022573363431,1329,921,921
1329,0.6932330827067669,1330,922,922
1330,0.6934635612321562,1331,923,923
1331,0.6936936936936937,1332,924,924
1332,0.6939234808702176,1333,925,925
1333,0.6941529235382309,1334,926,926
1334,0.6943820224719102,1335,927,927
1335,0.6946107784431138,1336,928,928
1336,0.694091249065071,1337,928,928
1337,0.6943198804185351,1338,929,929
1338,0.6945481702763256,1339,930,930
1339,0.6940298507462687,1340,930,930
1340,0.6942580164056674,1341,931,931
1341,0.6944858420268256,1342,932,932
1342,0.6947133283693224,1343,933,933
1343,0.6949404761904762,1344,934,934
1344,0.6951672862453532,1345,935,935
1345,0.6946508172362555,1346,935,935
1346,0.694135115070527,1347,935,935
1347,0.6943620178041543,1348,936,936
1348,0.6945885841363973,1349,937,937
1349,0.6948148148148148,1350,938,938
1350,0.694300518134715,1351,938,938
1351,0.6945266272189349,1352,939,939
1352,0.6940133037694013,1353,939,939
1353,0.6935007385524372,1354,939,939
1354,0.6929889298892989,1355,939,939
1355,0.6924778761061947,1356,939,939
1356,0.6927044952100221,1357,940,940
1357,0.6929307805596465,1358,941,941
1358,0.6924208977189109,1359,941,941
1359,0.6926470588235294,1360,942,942
1360,0.692138133725202,1361,942,942
1361,0.6916299559471366,1362,942,942
1362,0.6918561995597946,1363,943,943
1363,0.6920821114369502,1364,944,944
1364,0.6923076923076923,1365,945,945
1365,0.6925329428989752,1366,946,946
1366,0.6927578639356254,1367,947,947
1367,0.6929824561403509,1368,948,948
1368,0.6924762600438276,1369,948,948
1369,0.6927007299270073,1370,949,949
1370,0.6929248723559446,1371,950,950
1371,0.6924198250728864,1372,950,950
1372,0.6926438455935907,1373,951,951
1373,0.6928675400291121,1374,952,952
1374,0.6930909090909091,1375,953,953
1375,0.6933139534883721,1376,954,954
1376,0.6935366739288308,1377,955,955
1377,0.6937590711175616,1378,956,956
1378,0.6939811457577955,1379,957,957
1379,0.6934782608695652,1380,957,957
1380,0.6937002172338885,1381,958,958
1381,0.6939218523878437,1382,959,959
1382,0.6934201012292118,1383,959,959
1383,0.6936416184971098,1384,960,960
1384,0.6931407942238267,1385,960,960
1385,0.6933621933621934,1386,961,961
1386,0.6928622927180966,1387,961,961
1387,0.6923631123919308,1388,961,961
1388,0.6925845932325414,1389,962,962
1389,0.6928057553956835,1390,963,963
1390,0.6930265995686556,1391,964,964
1391,0.6932471264367817,1392,965,965
1392,0.6934673366834171,1393,966,966
1393,0.6929698708751794,1394,966,966
1394,0.6924731182795699,1395,966,966
1395,0.6926934097421203,1396,967,967
1396,0.6929133858267716,1397,968,968
1397,0.6931330472103004,1398,969,969
1398,0.6926375982844889,1399,969,969
1399,0.6921428571428572,1400,969,969
1400,0.6923625981441828,1401,970,970
1401,0.6925820256776034,1402,971,971
1402,0.692088382038489,1403,971,971
1403,0.6915954415954416,1404,971,971
1404,0.691814946619217,1405,972,972
1405,0.6920341394025604,1406,973,973
1406,0.6922530206112296,1407,974,974
1407,0.6917613636363636,1408,974,974
1408,0.6912704045422285,1409,974,974
1409,0.6907801418439716,1410,974,974
1410,0.6909992912827781,1411,975,975
1411,0.6912181303116147,1412,976,976
1412,0.6914366595895258,1413,977,977
1413,0.6916548797736917,1414,978,978
1414,0.6911660777385159,1415,978,978
1415,0.690677966101695,1416,978,978
1416,0.6901905434015526,1417,978,978
1417,0.689703808180536,1418,978,978
1418,0.689922480620155,1419,979,979
1419,0.6901408450704225,1420,980,980
1420,0.6903589021815623,1421,981,981
1421,0.6905766526019691,1422,982,982
1422,0.690794096978215,1423,983,983
1423,0.6910112359550562,1424,984,984
1424,0.6912280701754386,1425,985,985
1425,0.6907433380084151,1426,985,985
1426,0.6902592852137351,1427,985,985
1427,0.6904761904761905,1428,986,986
1428,0.6906927921623512,1429,987,987
1429,0.6909090909090909,1430,988,988
1430,0.6911250873515025,1431,989,989
1431,0.6913407821229051,1432,990,990
1432,0.69155617585485,1433,991,991
1433,0.691771269177127,1434,992,992
1434,0.6919860627177701,1435,993,993
1435,0.692200557103064,1436,994,994
1436,0.6924147529575505,1437,995,995
1437,0.6926286509040334,1438,996,996
1438,0.6928422515635858,1439,997,997
1439,0.6923611111111111,1440,997,997
1440,0.6918806384455239,1441,997,997
1441,0.6920943134535368,1442,998,998
1442,0.6916146916146916,1443,998,998
1443,0.6918282548476454,1444,999,999
1444,0.6920415224913494,1445,1000,1000
1445,0.6922544951590595,1446,1001,1001
1446,0.6924671734623359,1447,1002,1002
1447,0.6926795580110497,1448,1003,1003
1448,0.6928916494133885,1449,1004,1004
1449,0.6924137931034483,1450,1004,1004
1450,0.6919365954514128,1451,1004,1004
1451,0.6921487603305785,1452,1005,1005
1452,0.6916724019270475,1453,1005,1005
1453,0.6918844566712518,1454,1006,1006
1454,0.6914089347079038,1455,1006,1006
1455,0.6909340659340659,1456,1006,1006
1456,0.6904598490048044,1457,1006,1006
1457,0.6906721536351166,1458,1007,1007
1458,0.6908841672378341,1459,1008,1008
1459,0.6910958904109589,1460,1009,1009
1460,0.6913073237508556,1461,1010,1010
1461,0.6915184678522572,1462,1011,1011
1462,0.6917293233082706,1463,1012,1012
1463,0.6912568306010929,1464,1012,1012
1464,0.6914675767918089,1465,1013,1013
1465,0.6909959072305594,1466,1013,1013
1466,0.6905248807089298,1467,1013,1013
1467,0.6907356948228883,1468,1014,1014
1468,0.6909462219196733,1469,1015,1015
1469,0.691156462585034,1470,1016,1016
1470,0.6913664174031271,1471,1017,1017
1471,0.6915760869565217,1472,1018,1018
1472,0.691785471826205,1473,1019,1019
1473,0.6919945725915875,1474,1020,1020
1474,0.6922033898305084,1475,1021,1021
1475,0.6917344173441734,1476,1021,1021
1476,0.6919431279620853,1477,1022,1022
1477,0.6921515561569689,1478,1023,1023
1478,0.6923597025016903,1479,1024,1024
1479,0.6925675675675675,1480,1025,1025
1480,0.6927751519243754,1481,1026,1026
1481,0.6923076923076923,1482,1026,1026
1482,0.6918408631153068,1483,1026,1026
1483,0.6920485175202157,1484,1027,1027
1484,0.6922558922558922,1485,1028,1028
1485,0.6924629878869448,1486,1029,1029
1486,0.6926698049764627,1487,1030,1030
1487,0.6928763440860215,1488,1031,1031
1488,0.6930826057756884,1489,1032,1032
1489,0.6932885906040268,1490,1033,1033
1490,0.6934942991281019,1491,1034,1034
1491,0.6936997319034852,1492,1035,1035
1492,0.6939048894842599,1493,1036,1036
1493,0.6934404283801874,1494,1036,1036
1494,0.6936454849498328,1495,1037,1037
1495,0.6938502673796791,1496,1038,1038
1496,0.6933867735470942,1497,1038,1038
1497,0.6935914552736983,1498,1039,1039
1498,0.6937958639092728,1499,1040,1040
1499,0.6933333333333334,1500,1040,1040
1500,0.6935376415722851,1501,1041,1041
1501,0.6930758988015979,1502,1041,1041
1502,0.6932801064537591,1503,1042,1042
1503,0.6934840425531915,1504,1043,1043
1504,0.6930232558139535,1505,1043,1043
1505,0.6925630810092962,1506,1043,1043
1506,0.6927670869276709,1507,1044,1044
1507,0.6923076923076923,1508,1044,1044
1508,0.6925115970841617,1509,1045,1045
1509,0.6927152317880795,1510,1046,1046
1510,0.6929185969556585,1511,1047,1047
1511,0.6931216931216931,1512,1048,1048
1512,0.6933245208195637,1513,1049,1049
1513,0.6935270805812418,1514,1050,1050
1514,0.6937293729372938,1515,1051,1051
1515,0.6939313984168866,1516,1052,1052
1516,0.6941331575477917,1517,1053,1053
1517,0.69433465085639,1518,1054,1054
1518,0.6945358788676761,1519,1055,1055
1519,0.694078947368421,1520,1055,1055
1520,0.6942800788954635,1521,1056,1056
1521,0.6944809461235217,1522,1057,1057
1522,0.6946815495732108,1523,1058,1058
1523,0.6948818897637795,1524,1059,1059
1524,0.6950819672131148,1525,1060,1060
1525,0.6952817824377457,1526,1061,1061
1526,0.6948264571054354,1527,1061,1061
1527,0.6950261780104712,1528,1062,1062
1528,0.6945716154349247,1529,1062,1062
1529,0.6947712418300653,1530,1063,1063
1530,0.6949706074461136,1531,1064,1064
1531,0.6945169712793734,1532,1064,1064
1532,0.6947162426614482,1533,1065,1065
1533,0.6949152542372882,1534,1066,1066
1534,0.6951140065146579,1535,1067,1067
1535,0.6946614583333334,1536,1067,1067
1536,0.6948601171112557,1537,1068,1068
1537,0.6950585175552666,1538,1069,1069
1538,0.6952566601689408,1539,1070,1070
1539,0.6954545454545454,1540,1071,1071
1540,0.6956521739130435,1541,1072,1072
1541,0.695201037613489,1542,1072,1072
1542,0.6953985742060921,1543,1073,1073
1543,0.6949481865284974,1544,1073,1073
1544,0.6951456310679611,1545,1074,1074
1545,0.6953428201811126,1546,1075,1075
1546,0.6948933419521655,1547,1075,1075
1547,0.6950904392764858,1548,1076,1076
1548,0.6946417043253712,1549,1076,1076
1549,0.6941935483870968,1550,1076,1076
1550,0.693745970341715,1551,1076,1076
1551,0.6932989690721649,1552,1076,1076
1552,0.6928525434642627,1553,1076,1076
1553,0.693050193050193,1554,1077,1077
1554,0.6932475884244373,1555,1078,1078
1555,0.6934447300771208,1556,1079,1079
1556,0.6929993577392421,1557,1079,1079
1557,0.6925545571245186,1558,1079,1079
1558,0.6921103271327774,1559,1079,1079
1559,0.6923076923076923,1560,1080,1080
1560,0.6918641896220371,1561,1080,1080
1561,0.6920614596670934,1562,1081,1081
1562,0.6922584772872681,1563,1082,1082
1563,0.6918158567774936,1564,1082,1082
1564,0.6920127795527157,1565,1083,1083
1565,0.6922094508301405,1566,1084,1084
1566,0.6924058710912572,1567,1085,1085
1567,0.6926020408163265,1568,1086,1086
1568,0.6927979604843849,1569,1087,1087
1569,0.6929936305732484,1570,1088,1088
1570,0.6931890515595163,1571,1089,1089
1571,0.693384223918575,1572,1090,1090
1572,0.6935791481246026,1573,1091,1091
1573,0.6937738246505718,1574,1092,1092
1574,0.693968253968254,1575,1093,1093
1575,0.6941624365482234,1576,1094,1094
1576,0.6943563728598605,1577,1095,1095
1577,0.6939163498098859,1578,1095,1095
1578,0.694110196326789,1579,1096,1096
1579,0.6943037974683545,1580,1097,1097
1580,0.693864642631246,1581,1097,1097
1581,0.6940581542351454,1582,1098,1098
1582,0.693619709412508,1583,1098,1098
1583,0.6931818181818182,1584,1098,1098
1584,0.6933753943217665,1585,1099,1099
1585,0.6935687263556116,1586,1100,1100
1586,0.6937618147448015,1587,1101,1101
1587,0.6933249370277078,1588,1101,1101
1588,0.6928886091881686,1589,1101,1101
1589,0.6930817610062893,1590,1102,1102
1590,0.6932746700188561,1591,1103,1103
1591,0.6934673366834171,1592,1104,1104
1592,0.6936597614563716,1593,1105,1105
1593,0.6932245922208281,1594,1105,1105
1594,0.6934169278996866,1595,1106,1106
1595,0.6929824561403509,1596,1106,1106
1596,0.6931747025673137,1597,1107,1107
1597,0.6933667083854819,1598,1108,1108
1598,0.6935584740462789,1599,1109,1109
1599,0.693125,1600,1109,1109
1600,0.693316677076827,1601,1110,1110
1601,0.6928838951310862,1602,1110,1110
1602,0.6930754834684966,1603,1111,1111
1603,0.692643391521197,1604,1111,1111
1604,0.6928348909657321,1605,1112,1112
1605,0.6924034869240349,1606,1112,1112
1606,0.6925948973242066,1607,1113,1113
1607,0.6927860696517413,1608,1114,1114
1608,0.6929770043505282,1609,1115,1115
1609,0.6931677018633541,1610,1116,1116
1610,0.6933581626319056,1611,1117,1117
1611,0.6935483870967742,1612,1118,1118
1612,0.6937383756974581,1613,1119,1119
1613,0.6933085501858736,1614,1119,1119
1614,0.6928792569659443,1615,1119,1119
1615,0.692450495049505,1616,1119,1119
1616,0.6926406926406926,1617,1120,1120
1617,0.6928306551297899,1618,1121,1121
1618,0.6930203829524397,1619,1122,1122
1619,0.6925925925925925,1620,1122,1122
1620,0.6921653300431833,1621,1122,1122
1621,0.6923551171393342,1622,1123,1123
1622,0.6919285274183611,1623,1123,1123
1623,0.6921182266009852,1624,1124,1124
1624,0.6923076923076923,1625,1125,1125
1625,0.6918819188191881,1626,1125,1125
1626,0.6920712968653965,1627,1126,1126
1627,0.6922604422604423,1628,1127,1127
1628,0.6918354818907305,1629,1127,1127
1629,0.6920245398773006,1630,1128,1128
1630,0.6922133660331086,1631,1129,1129
1631,0.6924019607843137,1632,1130,1130
1632,0.6919779546846295,1633,1130,1130
1633,0.6921664626682986,1634,1131,1131
1634,0.692354740061162,1635,1132,1132
1635,0.6925427872860636,1636,1133,1133
1636,0.6927306047648136,1637,1134,1134
1637,0.6929181929181929,1638,1135,1135
1638,0.6924954240390482,1639,1135,1135
1639,0.6926829268292682,1640,1136,1136
1640,0.692260816575259,1641,1136,1136
1641,0.6918392204628502,1642,1136,1136
1642,0.6920267802799757,1643,1137,1137
1643,0.6922141119221411,1644,1138,1138
1644,0.6924012158054711,1645,1139,1139
1645,0.692588092345079,1646,1140,1140
1646,0.6927747419550698,1647,1141,1141
1647,0.6929611650485437,1648,1142,1142
1648,0.6931473620375985,1649,1143,1143
1649,0.6933333333333334,1650,1144,1144
1650,0.6929133858267716,1651,1144,1144
1651,0.6930992736077481,1652,1145,1145
1652,0.6926799758015729,1653,1145,1145
1653,0.6928657799274486,1654,1146,1146
1654,0.6930513595166163,1655,1147,1147
1655,0.6926328502415459,1656,1147,1147
1656,0.6928183464091732,1657,1148,1148
1657,0.6930036188178529,1658,1149,1149
1658,0.6931886678722122,1659,1150,1150
1659,0.6933734939759036,1660,1151,1151
1660,0.6935580975316075,1661,1152,1152
1661,0.6937424789410349,1662,1153,1153
1662,0.6939266386049309,1663,1154,1154
1663,0.6941105769230769,1664,1155,1155
1664,0.6942942942942943,1665,1156,1156
1665,0.6944777911164466,1666,1157,1157
1666,0.6946610677864428,1667,1158,1158
1667,0.6948441247002398,1668,1159,1159
1668,0.6944278010784901,1669,1159,1159
1669,0.6940119760479042,1670,1159,1159
1670,0.6941950927588271,1671,1160,1160
1671,0.69377990430622,1672,1160,1160
1672,0.6933652121936641,1673,1160,1160
1673,0.6935483870967742,1674,1161,1161
1674,0.693134328358209,1675,1161,1161
1675,0.6933174224343676,1676,1162,1162
1676,0.693500298151461,1677,1163,1163
1677,0.6930870083432658,1678,1163,1163
1678,0.6932698034544371,1679,1164,1164
1679,0.6934523809523809,1680,1165,1165
1680,0.693634741225461,1681,1166,1166
1681,0.6938168846611177,1682,1167,1167
1682,0.6939988116458705,1683,1168,1168
1683,0.6941805225653207,1684,1169,1169
1684,0.6943620178041543,1685,1170,1170
1685,0.693950177935943,1686,1170,1170
1686,0.6935388263189093,1687,1170,1170
1687,0.6937203791469194,1688,1171,1171
1688,0.6939017169923032,1689,1172,1172
1689,0.6940828402366864,1690,1173,1173
1690,0.6942637492607925,1691,1174,1174
1691,0.6944444444444444,1692,1175,1175
1692,0.6946249261665682,1693,1176,1176
1693,0.6948051948051948,1694,1177,1177
1694,0.6949852507374631,1695,1178,1178
1695,0.6951650943396226,1696,1179,1179
1696,0.6953447259870359,1697,1180,1180
1697,0.6955241460541813,1698,1181,1181
1698,0.6957033549146556,1699,1182,1182
1699,0.6952941176470588,1700,1182,1182
1700,0.6948853615520282,1701,1182,1182
1701,0.6950646298472385,1702,1183,1183
1702,0.6952436876100998,1703,1184,1184
1703,0.6948356807511737,1704,1184,1184
1704,0.6944281524926686,1705,1184,1184
1705,0.694021101992966,1706,1184,1184
1706,0.6936145284124194,1707,1184,1184
1707,0.6937939110070258,1708,1185,1185
1708,0.6939730836746636,1709,1186,1186
1709,0.6935672514619883,1710,1186,1186
1710,0.6937463471654004,1711,1187,1187
1711,0.6939252336448598,1712,1188,1188
1712,0.6941039112667834,1713,1189,1189
1713,0.6942823803967327,1714,1190,1190
1714,0.6944606413994169,1715,1191,1191
1715,0.6940559440559441,1716,1191,1191
1716,0.6942341292952825,1717,1192,1192
1717,0.6944121071012805,1718,1193,1193
1718,0.6940081442699244,1719,1193,1193
1719,0.6941860465116279,1720,1194,1194
1720,0.694363742010459,1721,1195,1195
1721,0.6945412311265969,1722,1196,1196
1722,0.6947185142193848,1723,1197,1197
1723,0.6943155452436195,1724,1197,1197
1724,0.6944927536231884,1725,1198,1198
1725,0.694090382387022,1726,1198,1198
1726,0.6936884771279676,1727,1198,1198
1727,0.6938657407407407,1728,1199,1199
1728,0.6940427993059572,1729,1200,1200
1729,0.6942196531791908,1730,1201,1201
1730,0.6943963027151935,1731,1202,1202
1731,0.6939953810623557,1732,1202,1202
1732,0.6941719561454126,1733,1203,1203
1733,0.6943483275663207,1734,1204,1204
1734,0.6945244956772334,1735,1205,1205
1735,0.6947004608294931,1736,1206,1206
1736,0.694300518134715,1737,1206,1206
1737,0.6944764096662831,1738,1207,1207
1738,0.6946520989074181,1739,1208,1208
1739,0.6948275862068966,1740,1209,1209
1740,0.6950028719126938,1741,1210,1210
1741,0.6951779563719862,1742,1211,1211
1742,0.6953528399311532,1743,1212,1212
1743,0.6955275229357798,1744,1213,1213
1744,0.695702005730659,1745,1214,1214
1745,0.6958762886597938,1746,1215,1215
1746,0.6960503720663995,1747,1216,1216
1747,0.6962242562929062,1748,1217,1217
1748,0.6963979416809606,1749,1218,1218
1749,0.6965714285714286,1750,1219,1219
1750,0.6967447173043975,1751,1220,1220
1751,0.696917808219178,1752,1221,1221
1752,0.6965202509982886,1753,1221,1221
1753,0.6966932725199544,1754,1222,1222
1754,0.6968660968660969,1755,1223,1223
1755,0.6970387243735763,1756,1224,1224
1756,0.6972111553784861,1757,1225,1225
1757,0.6973833902161547,1758,1226,1226
1758,0.6975554292211483,1759,1227,1227
1759,0.6977272727272728,1760,1228,1228
1760,0.6978989210675752,1761,1229,1229
1761,0.6980703745743473,1762,1230,1230
1762,0.6982416335791265,1763,1231,1231
1763,0.6984126984126984,1764,1232,1232
1764,0.6985835694050991,1765,1233,1233
1765,0.6987542468856173,1766,1234,1234
1766,0.6989247311827957,1767,1235,1235
1767,0.6990950226244343,1768,1236,1236
1768,0.6992651215375919,1769,1237,1237
1769,0.6988700564971752,1770,1237,1237
1770,0.6984754376058724,1771,1237,1237
1771,0.6980812641083521,1772,1237,1237
1772,0.6982515510434292,1773,1238,1238
1773,0.6984216459977453,1774,1239,1239
1774,0.6985915492957746,1775,1240,1240
1775,0.6987612612612613,1776,1241,1241
1776,0.69893078221722,1777,1242,1242
1777,0.6991001124859393,1778,1243,1243
1778,0.6992692523889825,1779,1244,1244
1779,0.699438202247191,1780,1245,1245
1780,0.699606962380685,1781,1246,1246
1781,0.6997755331088664,1782,1247,1247
1782,0.6999439147504206,1783,1248,1248
1783,0.7001121076233184,1784,1249,1249
1784,0.7002801120448179,1785,1250,1250
1785,0.700447928331467,1786,1251,1251
1786,0.7006155567991047,1787,1252,1252
1787,0.7002237136465325,1788,1252,1252
1788,0.7003912800447177,1789,1253,1253
1789,0.7,1790,1253,1253
1790,0.699609156895589,1791,1253,1253
1791,0.6997767857142857,1792,1254,1254
1792,0.6993865030674846,1793,1254,1254
1793,0.6995540691192865,1794,1255,1255
1794,0.6997214484679666,1795,1256,1256
1795,0.6993318485523385,1796,1256,1256
1796,0.6989426822481914,1797,1256,1256
1797,0.6991101223581757,1798,1257,1257
1798,0.6992773763201778,1799,1258,1258
1799,0.6994444444444444,1800,1259,1259
1800,0.6996113270405331,1801,1260,1260
1801,0.6997780244173141,1802,1261,1261
1802,0.6993899057127011,1803,1261,1261
1803,0.6995565410199557,1804,1262,1262
1804,0.6997229916897507,1805,1263,1263
1805,0.6998892580287929,1806,1264,1264
1806,0.7000553403431101,1807,1265,1265
